{"cameraMode":{"drawMode":0,"name":"Shaded","section":"Shading Mode"},"sceneLighting":true,"audioPlay":false,"sceneViewState":{"m_AlwaysRefresh":false,"showFog":true,"showSkybox":true,"showFlares":true,"showImageEffects":true,"showParticleSystems":true,"showVisualEffectGraphs":true,"m_FxEnabled":true},"in2DMode":false,"pivot":{"x":557.0936889648438,"y":198.49517822265626,"z":-8.504578590393067},"rotation":{"x":-0.13963216543197633,"y":0.12941963970661164,"z":-0.018411487340927125,"w":-0.9815441370010376},"size":22.08478546142578,"orthographic":false}